{"cameraMode":{"drawMode":0,"name":"Shaded","section":"Shading Mode"},"sceneLighting":true,"audioPlay":false,"sceneViewState":{"m_AlwaysRefresh":false,"showFog":true,"showSkybox":true,"showFlares":true,"showImageEffects":true,"showParticleSystems":true,"showVisualEffectGraphs":true,"m_FxEnabled":true},"in2DMode":false,"pivot":{"x":-1.3010034561157227,"y":1.1978973150253297,"z":-3.563481569290161},"rotation":{"x":0.06389663368463516,"y":0.9274066686630249,"z":-0.18636292219161988,"w":0.3179711699485779},"size":1.3808451890945435,"orthographic":false}